job_id,job_title,domain,role_category,experience_level,skills_required,job_description,location,salary_range
1,Senior Backend Engineer,Software,Backend,Mid,"Java,Spring Boot,PostgreSQL,Redis,Kafka",Design and implement scalable microservices architecture for e-commerce platform. Optimize database queries and ensure high availability. Collaborate with cross-functional teams to deliver robust backend solutions.,Bangalore,12-18 LPA
2,Frontend Developer,Software,Frontend,Entry,"React,JavaScript,HTML,CSS,Redux",Build responsive and intuitive user interfaces for web applications. Implement pixel-perfect designs and ensure cross-browser compatibility. Work closely with UX designers to enhance user experience.,Hyderabad,6-12 LPA
3,Embedded Systems Engineer,Hardware,Embedded Systems,Entry,"C,ARM Cortex,RTOS,I2C,SPI",Develop firmware for IoT devices and embedded controllers. Interface with various sensors and actuators. Debug and optimize low-level system performance for resource-constrained environments.,Bangalore,4-6 LPA
4,DevOps Engineer,Software,DevOps,Entry,"AWS,Docker,Kubernetes,Jenkins,Terraform",Automate deployment pipelines and maintain cloud infrastructure. Monitor system performance and implement CI/CD best practices. Ensure security compliance and disaster recovery procedures.,Pune,4-6 LPA
5,PCB Design Engineer,Hardware,PCB Design,Entry,"Altium Designer,Eagle,OrCAD,Signal Integrity,EMI/EMC",Design multi-layer PCBs for consumer electronics products. Perform schematic capture and layout optimization. Conduct design reviews and collaborate with manufacturing teams.,Chennai,4-6 LPA
6,Full Stack Developer,Software,Full Stack,Senior,"Node.js,React,MongoDB,Express,JavaScript",Develop end-to-end web applications with modern technology stack. Implement RESTful APIs and integrate third-party services. Maintain code quality through testing and code reviews.,Noida,8-14 LPA
7,Data Engineer,Software,Data Engineer,Entry,"Python,Spark,Hadoop,SQL,Airflow",Build and maintain data pipelines for analytics platform. Process large-scale datasets and optimize ETL workflows. Ensure data quality and implement data governance policies.,Bangalore,4-6 LPA
8,VLSI Design Engineer,Hardware,VLSI,Mid,"Verilog,SystemVerilog,Cadence,Synthesis,Timing Analysis",Design and verify digital circuits for ASIC development. Perform RTL coding and functional verification. Collaborate with physical design team for timing closure.,Hyderabad,9-15 LPA
9,Backend Engineer - Python,Software,Backend,Senior,"Python,Django,MySQL,Celery,Docker",Develop backend services for fintech applications. Implement secure payment processing workflows. Optimize database performance and handle high-traffic scenarios.,Bangalore,10-16 LPA
10,Electrical Systems Engineer,Hardware,Electrical Systems,Entry,"MATLAB,Simulink,Power Electronics,Control Systems,AutoCAD",Design electrical systems for industrial automation projects. Perform load calculations and circuit analysis. Create technical documentation and support field installations.,Pune,4-6 LPA
11,React Native Developer,Software,Frontend,Mid,"React Native,JavaScript,Redux,Firebase,REST API",Build cross-platform mobile applications for Android and iOS. Implement native modules and optimize app performance. Integrate push notifications and analytics.,Chennai,7-12 LPA
12,Firmware Engineer,Hardware,Firmware Engineer,Entry,"C,C++,Embedded Linux,Bootloaders,Device Drivers",Develop firmware for automotive embedded systems. Write device drivers for custom hardware peripherals. Debug and troubleshoot hardware-software integration issues.,Bangalore,6-12 LPA
13,Cloud Backend Developer,Software,Backend,Mid,"Python,FastAPI,AWS Lambda,DynamoDB,S3",Build serverless applications on AWS cloud platform. Design event-driven architectures and API gateways. Implement security best practices and cost optimization.,Hyderabad,11-17 LPA
14,UI/UX Developer,Software,Frontend,Entry,"Angular,TypeScript,SCSS,Bootstrap,Figma",Translate design mockups into interactive web interfaces. Ensure responsive design and accessibility standards. Collaborate with designers to refine user workflows.,Noida,6-12 LPA
15,Embedded Firmware Developer,Hardware,Embedded Systems,Senior,"C,FreeRTOS,STM32,CAN,UART",Develop real-time firmware for medical devices. Implement communication protocols and safety features. Conduct unit testing and integration testing.,Chennai,8-14 LPA
16,Senior DevOps Engineer,Software,DevOps,Entry,"Azure,Kubernetes,Ansible,Python,GitLab CI",Architect cloud infrastructure for enterprise applications. Implement infrastructure as code and monitoring solutions. Lead DevOps transformation initiatives.,Bangalore,4-6 LPA
17,Analog Circuit Designer,Hardware,PCB Design,Senior,"SPICE,Cadence,Analog Layout,LDO,ADC",Design analog and mixed-signal circuits for sensing applications. Perform circuit simulations and prototype testing. Optimize power consumption and noise performance.,Hyderabad,10-16 LPA
18,Java Full Stack Developer,Software,Full Stack,Mid,"Java,Spring,Angular,MySQL,REST",Develop enterprise web applications with Java ecosystem. Implement microservices and front-end components. Participate in agile development and sprint planning.,Pune,9-15 LPA
19,Big Data Engineer,Software,Data Engineer,Mid,"Scala,Spark,Kafka,HDFS,Hive",Design distributed data processing systems for analytics. Optimize Spark jobs for performance and scalability. Implement real-time streaming pipelines.,Bangalore,12-18 LPA
20,FPGA Design Engineer,Hardware,VLSI,Senior,"VHDL,Xilinx,Vivado,Timing Constraints,FPGA",Develop FPGA-based solutions for signal processing. Implement high-speed digital designs and IP cores. Perform simulation and hardware validation.,Chennai,10-16 LPA
21,Frontend Engineer - Vue.js,Software,Frontend,Senior,"Vue.js,JavaScript,Vuex,Webpack,CSS3",Create modern single-page applications using Vue framework. Implement state management and routing solutions. Optimize frontend performance and bundle sizes.,Hyderabad,7-13 LPA
22,IoT Hardware Engineer,Hardware,Embedded Systems,Senior,"Arduino,ESP32,LoRa,MQTT,Sensors",Design hardware for IoT smart home devices. Select components and create prototypes. Test wireless connectivity and power optimization.,Bangalore,7-12 LPA
23,Backend Developer - Node.js,Software,Backend,Senior,"Node.js,Express,PostgreSQL,Redis,GraphQL",Build scalable APIs for mobile and web applications. Implement caching strategies and rate limiting. Write comprehensive unit and integration tests.,Noida,8-14 LPA
24,Power Electronics Engineer,Hardware,Electrical Systems,Senior,"SolidWorks,LTSpice,Buck Converter,Inverter,EMI",Design switch-mode power supplies and converters. Perform thermal analysis and PCB layout review. Test and validate power supply performance.,Pune,9-15 LPA
25,Machine Learning Engineer,Software,Data Engineer,Senior,"Python,TensorFlow,Scikit-learn,Pandas,NumPy",Develop ML models for predictive analytics applications. Implement feature engineering and model optimization. Deploy models to production environments.,Bangalore,13-19 LPA
26,Digital Design Verification Engineer,Hardware,VLSI,Mid,"SystemVerilog,UVM,Perl,Python,Assertions",Verify complex digital designs using UVM methodology. Develop testbenches and coverage models. Debug RTL and ensure functional correctness.,Hyderabad,9-15 LPA
27,Senior Full Stack Engineer,Software,Full Stack,Senior,"Python,React,PostgreSQL,AWS,Docker",Lead development of SaaS platform architecture. Mentor junior developers and conduct code reviews. Implement scalable solutions for growing user base.,Bangalore,13-19 LPA
28,Embedded Linux Developer,Hardware,Firmware Engineer,Entry,"Linux Kernel,Yocto,U-Boot,Device Tree,Bash",Port and customize embedded Linux distributions. Develop kernel modules and device drivers. Optimize boot time and system performance.,Chennai,4-6 LPA
29,Site Reliability Engineer,Software,DevOps,Entry,"Python,Kubernetes,Prometheus,Grafana,Linux",Ensure reliability and uptime of production systems. Implement monitoring and alerting frameworks. Conduct post-mortem analysis and capacity planning.,Pune,4-6 LPA
30,RF Hardware Engineer,Hardware,Embedded Systems,Mid,"RF Design,Antenna Design,ADS,Network Analyzer,PCB",Design radio frequency circuits for communication devices. Perform impedance matching and antenna tuning. Test RF performance and EMC compliance.,Bangalore,10-16 LPA
31,React Developer,Software,Frontend,Senior,"React,JavaScript,Material-UI,REST API,Git",Build modern web applications with React ecosystem. Implement responsive layouts and component libraries. Integrate APIs and handle state management.,Hyderabad,6-11 LPA
32,Senior Data Engineer,Software,Data Engineer,Entry,"Python,AWS Glue,Redshift,dbt,SQL",Design data warehousing solutions on AWS platform. Implement data modeling and transformation logic. Optimize query performance for analytics workloads.,Bangalore,4-6 LPA
33,ASIC Verification Engineer,Hardware,VLSI,Mid,"SystemVerilog,UVM,Python,Cadence,Coverage",Verify SoC designs for semiconductor products. Create verification plans and regression frameworks. Analyze coverage and close verification gaps.,Hyderabad,11-17 LPA
34,Backend Engineer - Go,Software,Backend,Mid,"Go,gRPC,PostgreSQL,Kubernetes,Redis",Develop high-performance microservices in Go language. Implement concurrent programming patterns. Optimize API response times and throughput.,Noida,10-16 LPA
35,Automation Engineer,Hardware,Electrical Systems,Mid,"PLC Programming,SCADA,HMI,Ladder Logic,Industrial Ethernet",Program PLCs for manufacturing automation systems. Design control panels and electrical schematics. Commission and troubleshoot automated equipment.,Chennai,7-13 LPA
36,Flutter Developer,Software,Frontend,Entry,"Flutter,Dart,Firebase,REST API,Provider",Develop cross-platform mobile apps using Flutter framework. Implement beautiful UI designs and animations. Integrate backend services and local storage.,Pune,4-6 LPA
37,Signal Processing Engineer,Hardware,Embedded Systems,Senior,"DSP,MATLAB,C,ARM,Algorithms",Implement digital signal processing algorithms on embedded platforms. Optimize real-time audio and video processing. Perform algorithm validation and benchmarking.,Bangalore,9-15 LPA
38,Python Backend Developer,Software,Backend,Senior,"Python,Flask,MongoDB,AWS,Celery",Build RESTful APIs for data-intensive applications. Implement asynchronous task processing. Deploy and monitor services on cloud infrastructure.,Hyderabad,8-14 LPA
39,Hardware Test Engineer,Hardware,PCB Design,Mid,"Oscilloscope,Multimeter,Python,LabVIEW,Test Automation",Design and execute hardware validation test plans. Develop automated test scripts and fixtures. Document test results and failure analysis.,Noida,6-11 LPA
40,Kubernetes Engineer,Software,DevOps,Mid,"Kubernetes,Helm,Docker,Linux,Networking",Manage and optimize Kubernetes clusters for production workloads. Implement service mesh and ingress controllers. Troubleshoot cluster issues and performance.,Bangalore,11-17 LPA
41,Physical Design Engineer,Hardware,VLSI,Mid,"Innovus,ICC2,Physical Verification,Static Timing,Power Analysis",Perform place and route for digital IC designs. Conduct timing closure and power optimization. Generate GDSII for tape-out process.,Chennai,10-16 LPA
42,Full Stack JavaScript Developer,Software,Full Stack,Entry,"Node.js,Vue.js,MySQL,AWS,TypeScript",Develop full-stack applications using JavaScript technologies. Implement authentication and authorization mechanisms. Ensure application security and performance.,Pune,4-6 LPA
43,ETL Developer,Software,Data Engineer,Mid,"SQL,SSIS,Python,Oracle,Data Warehousing",Design and develop ETL processes for data integration. Transform and load data from multiple sources. Monitor and troubleshoot data pipeline failures.,Hyderabad,8-14 LPA
44,Motor Control Engineer,Hardware,Electrical Systems,Entry,"FOC,BLDC,PMSM,Inverter Design,Embedded C",Design motor control algorithms for electric vehicles. Implement field-oriented control strategies. Test and calibrate motor controllers.,Bangalore,4-6 LPA
45,Senior React Developer,Software,Frontend,Senior,"React,TypeScript,Next.js,GraphQL,Tailwind CSS",Lead frontend development for enterprise applications. Implement complex UI components and state management. Optimize performance and code splitting.,Chennai,10-16 LPA
46,Microcontroller Firmware Engineer,Hardware,Firmware Engineer,Mid,"C,PIC,AVR,I2C,SPI",Develop firmware for microcontroller-based products. Interface with sensors and display modules. Implement low-power modes and power management.,Noida,7-12 LPA
47,Cloud Infrastructure Engineer,Software,DevOps,Mid,"GCP,Terraform,Python,Kubernetes,Networking",Build and maintain Google Cloud infrastructure. Implement security policies and access controls. Automate infrastructure provisioning and scaling.,Bangalore,12-18 LPA
48,Battery Management System Engineer,Hardware,Embedded Systems,Senior,"BMS,CAN Protocol,C,Lithium-ion,State Estimation",Design battery management systems for energy storage. Implement SOC and SOH estimation algorithms. Test and validate BMS functionality.,Pune,9-15 LPA
49,Django Developer,Software,Backend,Senior,"Python,Django,PostgreSQL,REST Framework,Celery",Develop web applications using Django framework. Implement ORM models and database migrations. Create RESTful APIs for frontend consumption.,Hyderabad,7-13 LPA
50,DFT Engineer,Hardware,VLSI,Mid,"Scan Insertion,ATPG,Boundary Scan,Tetramax,MBIST",Implement design-for-test structures in ASIC designs. Generate test patterns and analyze coverage. Debug scan chain failures and timing issues.,Bangalore,9-15 LPA
51,Angular Developer,Software,Frontend,Senior,"Angular,TypeScript,RxJS,NgRx,SCSS",Build enterprise applications using Angular framework. Implement reactive programming patterns. Create reusable components and services.,Chennai,7-12 LPA
52,Data Platform Engineer,Software,Data Engineer,Senior,"Python,Databricks,Delta Lake,Apache Spark,SQL",Build data lakehouse architecture for analytics. Implement data versioning and lineage tracking. Optimize cluster configurations and costs.,Bangalore,12-18 LPA
53,Mixed Signal Design Engineer,Hardware,VLSI,Senior,"Analog Design,Digital Design,Cadence,Layout,Characterization",Design mixed-signal ICs for sensor interfaces. Perform transistor-level circuit design. Collaborate with layout team for analog blocks.,Hyderabad,11-17 LPA
54,Senior Backend Developer,Software,Backend,Mid,"Java,Microservices,Cassandra,Kafka,Spring Cloud",Architect distributed systems for high-traffic applications. Design event-driven architectures. Implement circuit breakers and resilience patterns.,Noida,13-19 LPA
55,Control Systems Engineer,Hardware,Electrical Systems,Mid,"MATLAB,Simulink,PID,State Space,C++",Design control algorithms for robotic systems. Perform system identification and modeling. Simulate and validate controller performance.,Pune,9-15 LPA
56,iOS Developer,Software,Frontend,Senior,"Swift,UIKit,Core Data,REST API,Xcode",Develop native iOS applications for consumer products. Implement custom UI components and animations. Integrate with backend APIs and third-party SDKs.,Bangalore,8-14 LPA
57,Power Supply Design Engineer,Hardware,PCB Design,Mid,"SMPS,LDO,Buck-Boost,Altium,Thermal Design",Design AC-DC and DC-DC power converters. Perform power budget analysis and component selection. Validate EMI compliance and efficiency.,Chennai,8-14 LPA
58,FastAPI Developer,Software,Backend,Mid,"Python,FastAPI,PostgreSQL,Redis,Docker",Build high-performance async APIs using FastAPI. Implement authentication and rate limiting. Document APIs using OpenAPI specifications.,Hyderabad,9-15 LPA
59,Reliability Engineer,Hardware,Electrical Systems,Entry,"FMEA,Reliability Testing,Accelerated Testing,Statistics,Python",Conduct reliability analysis for hardware products. Design accelerated life testing procedures. Analyze failure data and recommend improvements.,Bangalore,6-12 LPA
60,Infrastructure Automation Engineer,Software,DevOps,Senior,"Ansible,Python,Linux,AWS,CI/CD",Automate infrastructure provisioning and configuration management. Develop Ansible playbooks and roles. Implement infrastructure testing frameworks.,Noida,10-16 LPA
61,Sensor Integration Engineer,Hardware,Embedded Systems,Entry,"IMU,GPS,Sensor Fusion,Kalman Filter,C++",Integrate sensors for navigation and positioning systems. Implement sensor fusion algorithms. Calibrate and validate sensor accuracy.,Pune,4-6 LPA
62,Full Stack Python Developer,Software,Full Stack,Senior,"Python,Django,React,PostgreSQL,AWS",Develop web platforms with Python and JavaScript. Implement user authentication and authorization. Deploy applications to cloud infrastructure.,Bangalore,10-16 LPA
63,FPGA Verification Engineer,Hardware,VLSI,Mid,"SystemVerilog,Xilinx,Vivado,Python,Assertions",Verify FPGA designs using simulation and emulation. Develop testbenches and coverage models. Debug timing and functional issues.,Chennai,9-15 LPA
64,Spring Boot Developer,Software,Backend,Mid,"Java,Spring Boot,MySQL,Hibernate,REST",Develop microservices using Spring Boot framework. Implement JPA repositories and service layers. Configure security and logging.,Hyderabad,8-14 LPA
65,Display Driver Engineer,Hardware,Firmware Engineer,Entry,"MIPI DSI,HDMI,Display Controllers,C,Embedded Linux",Develop display drivers for embedded systems. Interface with LCD and OLED panels. Debug display timing and color issues.,Bangalore,6-12 LPA
66,DataOps Engineer,Software,Data Engineer,Senior,"Python,Airflow,dbt,Snowflake,Git",Implement DataOps practices for data pipelines. Automate data quality checks and monitoring. Version control data transformations.,Noida,11-17 LPA
67,Audio Hardware Engineer,Hardware,PCB Design,Entry,"Audio Codecs,Amplifiers,DSP,Acoustic Design,Altium",Design audio processing circuits and amplifiers. Perform acoustic measurements and tuning. Optimize signal-to-noise ratio and distortion.,Pune,4-6 LPA
68,Mobile Backend Developer,Software,Backend,Senior,"Node.js,MongoDB,Socket.io,AWS,Redis",Build backend services for mobile applications. Implement real-time communication features. Design scalable database schemas.,Bangalore,9-15 LPA
69,Hardware Security Engineer,Hardware,Embedded Systems,Mid,"Cryptography,Secure Boot,TPM,ARM TrustZone,C",Implement hardware security features for embedded devices. Design secure boot and firmware update mechanisms. Conduct security testing and threat modeling.,Chennai,11-17 LPA
70,React Full Stack Developer,Software,Full Stack,Mid,"React,Node.js,Express,MongoDB,GraphQL",Develop MERN stack applications for startups. Implement real-time features using WebSockets. Optimize application performance and SEO.,Hyderabad,8-14 LPA
71,Schematic Design Engineer,Hardware,PCB Design,Entry,"OrCAD,Component Selection,Design Rules,Simulation,Documentation",Create detailed schematics for electronic products. Select components and verify design rules. Collaborate with layout and firmware teams.,Bangalore,4-6 LPA
72,Monitoring Engineer,Software,DevOps,Entry,"Prometheus,Grafana,ELK,Python,Linux",Implement comprehensive monitoring solutions. Create dashboards and alerting rules. Analyze system metrics and logs.,Noida,4-6 LPA
73,Memory Design Engineer,Hardware,VLSI,Entry,"SRAM,DRAM,Memory Compiler,Cadence,Layout",Design memory subsystems for SoC architectures. Optimize memory access timing and power. Perform memory characterization.,Pune,4-6 LPA
74,GraphQL Backend Developer,Software,Backend,Mid,"Node.js,GraphQL,PostgreSQL,TypeScript,Apollo",Build GraphQL APIs for modern applications. Implement resolvers and data loaders. Optimize query performance and caching.,Bangalore,10-16 LPA
75,Wireless Systems Engineer,Hardware,Embedded Systems,Mid,"WiFi,Bluetooth,Zigbee,RF Testing,C",Design wireless communication modules for IoT devices. Implement protocol stacks and drivers. Test wireless performance and range.,Chennai,9-15 LPA
76,Vue.js Full Stack Developer,Software,Full Stack,Entry,"Vue.js,Node.js,MySQL,Express,AWS",Develop full-stack applications using Vue ecosystem. Implement server-side rendering and routing. Deploy to cloud platforms.,Hyderabad,4-6 LPA
77,Test Automation Engineer,Hardware,PCB Design,Entry,"Python,LabVIEW,GPIB,Automated Testing,Scripting",Develop automated test frameworks for hardware. Create test scripts and data analysis tools. Maintain test equipment and fixtures.,Bangalore,4-6 LPA
78,Stream Processing Engineer,Software,Data Engineer,Mid,"Kafka,Flink,Scala,Event Streaming,Microservices",Build real-time data processing pipelines. Implement stream processing applications. Ensure exactly-once processing guarantees.,Noida,12-18 LPA
79,Camera Module Engineer,Hardware,Embedded Systems,Entry,"ISP,Camera Drivers,MIPI CSI,Image Quality,C++",Develop camera drivers and image processing pipelines. Tune image quality parameters. Debug camera initialization and streaming.,Pune,4-6 LPA
80,Laravel Developer,Software,Backend,Senior,"PHP,Laravel,MySQL,Redis,REST API",Develop web applications using Laravel framework. Implement MVC architecture and migrations. Create RESTful APIs and authentication.,Bangalore,7-13 LPA
81,Clock Design Engineer,Hardware,VLSI,Senior,"Clock Tree Synthesis,Timing Analysis,CTS,Innovus,Skew",Design and optimize clock distribution networks. Analyze clock skew and jitter. Implement clock gating for power savings.,Chennai,10-16 LPA
82,Azure DevOps Engineer,Software,DevOps,Mid,"Azure,Azure DevOps,PowerShell,ARM Templates,Kubernetes",Manage Azure cloud infrastructure and pipelines. Implement CI/CD using Azure DevOps. Automate resource provisioning.,Hyderabad,11-17 LPA
83,Charging System Engineer,Hardware,Electrical Systems,Senior,"Battery Charging,Power Converters,Standards,Embedded C,Testing",Design charging systems for electric vehicles. Implement charging protocols and safety features. Test compatibility with charging standards.,Bangalore,10-16 LPA
84,Ruby on Rails Developer,Software,Backend,Senior,"Ruby,Rails,PostgreSQL,Sidekiq,REST",Build web applications using Rails framework. Implement background job processing. Optimize database queries and caching.,Noida,8-14 LPA
85,Layout Design Engineer,Hardware,VLSI,Entry,"Calibre,Virtuoso,DRC,LVS,Custom Layout",Perform custom IC layout for analog blocks. Verify DRC and LVS compliance. Optimize area and parasitics.,Pune,4-6 LPA
86,TypeScript Backend Developer,Software,Backend,Entry,"TypeScript,Node.js,NestJS,PostgreSQL,Docker",Develop strongly-typed backend services. Implement dependency injection and modules. Write comprehensive unit tests.,Bangalore,4-6 LPA
87,LED Driver Design Engineer,Hardware,PCB Design,Entry,"LED Drivers,Buck Converter,Dimming,Thermal,Altium",Design LED driver circuits for lighting applications. Implement PWM dimming and thermal management. Test driver efficiency and flicker.,Chennai,4-6 LPA
88,API Developer,Software,Backend,Mid,"Python,FastAPI,Swagger,PostgreSQL,JWT",Design and implement RESTful API services. Document APIs using Swagger/OpenAPI. Implement security and rate limiting.,Hyderabad,8-14 LPA
89,Signal Integrity Engineer,Hardware,PCB Design,Entry,"Signal Integrity,High-Speed Design,HyperLynx,DDR,PCIe",Analyze signal integrity for high-speed interfaces. Perform pre-layout and post-layout simulations. Recommend design guidelines for layouts.,Bangalore,4-6 LPA
90,Data Pipeline Developer,Software,Data Engineer,Mid,"Python,Luigi,MySQL,AWS S3,Pandas",Develop data ingestion and transformation pipelines. Schedule and monitor pipeline executions. Handle data quality and error handling.,Noida,9-15 LPA
91,Touch Controller Engineer,Hardware,Firmware Engineer,Mid,"Capacitive Touch,I2C,Signal Processing,C,Tuning",Develop firmware for touch controller ICs. Implement noise filtering and gesture recognition. Tune sensitivity for different applications.,Pune,8-14 LPA
92,ASP.NET Developer,Software,Backend,Senior,"C#,ASP.NET Core,SQL Server,Entity Framework,REST",Build web APIs using ASP.NET framework. Implement authentication and authorization. Optimize database access patterns.,Bangalore,8-14 LPA
93,Verification IP Developer,Hardware,VLSI,Entry,"SystemVerilog,UVM,VIP,Protocols,Python",Develop verification IP for standard protocols. Create configurable and reusable VIP components. Document VIP usage and features.,Chennai,4-6 LPA
94,Microservices Developer,Software,Backend,Mid,"Java,Spring Cloud,Kafka,Docker,MySQL",Design and develop microservices architecture. Implement service discovery and config management. Handle distributed transactions.,Hyderabad,10-16 LPA
95,Thermal Design Engineer,Hardware,Electrical Systems,Mid,"Thermal Analysis,CFD,Heat Sinks,ANSYS,Testing",Perform thermal analysis for electronic systems. Design cooling solutions and heat sinks. Validate thermal performance through testing.,Bangalore,9-15 LPA
96,Next.js Developer,Software,Frontend,Senior,"Next.js,React,TypeScript,Vercel,Tailwind CSS",Build server-side rendered React applications. Implement static site generation and ISR. Optimize SEO and performance metrics.,Noida,9-15 LPA
97,Analog Verification Engineer,Hardware,VLSI,Senior,"Spectre,HSPICE,Monte Carlo,Cadence,Python",Verify analog circuits through simulation. Perform corner and Monte Carlo analysis. Create regression frameworks for analog blocks.,Pune,10-16 LPA
98,MongoDB Developer,Software,Backend,Entry,"MongoDB,Node.js,Express,Mongoose,REST",Design NoSQL database schemas for applications. Implement aggregation pipelines and indexing. Optimize query performance.,Bangalore,4-6 LPA
99,USB Protocol Engineer,Hardware,Firmware Engineer,Entry,"USB,USB-C,PD,Type-C,Embedded C",Develop USB device and host controllers. Implement USB power delivery protocols. Debug enumeration and data transfer issues.,Chennai,6-12 LPA
100,CI/CD Engineer,Software,DevOps,Entry,"Jenkins,GitLab,Docker,Kubernetes,Python",Design and maintain CI/CD pipelines. Implement automated testing and deployment. Optimize build times and artifact management.,Hyderabad,4-6 LPA
101,Impedance Matching Engineer,Hardware,PCB Design,Entry,"RF Design,Smith Chart,Matching Networks,ADS,Testing",Design impedance matching circuits for RF systems. Optimize power transfer and minimize reflections. Validate matching network performance.,Bangalore,6-12 LPA
102,Golang Developer,Software,Backend,Senior,"Go,PostgreSQL,gRPC,Docker,Microservices",Build concurrent backend services in Go. Implement efficient data structures and algorithms. Deploy containerized applications.,Noida,10-16 LPA
103,ASIC Design Engineer,Hardware,VLSI,Mid,"Verilog,RTL Design,Synthesis,Timing,Verification",Design digital blocks for ASIC development. Write synthesizable RTL code. Collaborate with verification team for coverage.,Pune,10-16 LPA
104,Serverless Developer,Software,Backend,Entry,"AWS Lambda,DynamoDB,API Gateway,Python,Serverless Framework",Build serverless applications on AWS platform. Implement event-driven architectures. Optimize cold start and execution time.,Bangalore,4-6 LPA
105,Accelerometer Integration Engineer,Hardware,Embedded Systems,Entry,"MEMS,Accelerometer,I2C,SPI,Embedded C",Integrate MEMS accelerometers in wearable devices. Calibrate sensors and process motion data. Implement fall detection algorithms.,Chennai,4-6 LPA
106,WordPress Developer,Software,Backend,Entry,"PHP,WordPress,MySQL,JavaScript,CSS",Develop custom WordPress themes and plugins. Optimize website performance and security. Integrate third-party APIs and payment gateways.,Hyderabad,4-6 LPA
107,RTL Design Engineer,Hardware,VLSI,Entry,"Verilog,VHDL,Finite State Machines,Synthesis,Simulation",Design and code RTL for digital circuits. Implement complex state machines and datapaths. Perform lint checks and synthesis.,Bangalore,6-12 LPA
108,ETL Architect,Software,Data Engineer,Senior,"Informatica,SQL,Data Modeling,ETL,Oracle",Architect enterprise data integration solutions. Design dimensional models for data warehouses. Lead ETL development teams.,Noida,14-20 LPA
109,Automotive Electronics Engineer,Hardware,Embedded Systems,Entry,"AUTOSAR,CAN,LIN,MISRA C,Vector Tools",Develop automotive ECU software and firmware. Implement CAN communication and diagnostics. Follow functional safety standards.,Pune,4-6 LPA
110,Express.js Developer,Software,Backend,Mid,"Node.js,Express,MongoDB,JWT,REST",Build RESTful APIs using Express framework. Implement middleware and error handling. Integrate authentication and session management.,Bangalore,7-13 LPA
111,Power Integrity Engineer,Hardware,PCB Design,Mid,"Power Integrity,PDN,Decoupling,ANSYS,Measurements",Analyze power distribution networks for boards. Design decoupling strategies for ICs. Validate power integrity through measurements.,Chennai,10-16 LPA
112,Platform Engineer,Software,DevOps,Entry,"Kubernetes,Terraform,AWS,Python,GitOps",Build internal developer platforms. Implement self-service infrastructure provisioning. Establish platform engineering best practices.,Hyderabad,4-6 LPA
113,Electronic Packaging Engineer,Hardware,PCB Design,Mid,"Package Design,Thermal,Stress Analysis,JEDEC,Reliability",Design IC packages and module assemblies. Perform thermal and mechanical simulations. Validate package reliability.,Bangalore,9-15 LPA
114,Shopify Developer,Software,Backend,Mid,"Shopify,Liquid,JavaScript,API,Apps",Develop custom Shopify themes and applications. Integrate payment gateways and shipping APIs. Optimize e-commerce store performance.,Noida,6-11 LPA
115,Clock Gating Implementation Engineer,Hardware,VLSI,Entry,"Clock Gating,Low Power,Liberty,Innovus,Timing",Implement clock gating for power reduction. Analyze switching activity and insertion points. Verify timing after clock gating.,Pune,4-6 LPA
116,Nest.js Developer,Software,Backend,Senior,"NestJS,TypeScript,PostgreSQL,GraphQL,Microservices",Build enterprise backend applications with NestJS. Implement modular architecture and dependency injection. Create GraphQL resolvers and services.,Bangalore,10-16 LPA
117,Switch Mode Power Supply Engineer,Hardware,Electrical Systems,Mid,"SMPS,PWM,Feedback Control,Magnetics,LTSpice",Design flyback and forward converter topologies. Select magnetics and perform loss analysis. Test EMI and efficiency.,Chennai,9-15 LPA
118,Blockchain Developer,Software,Backend,Mid,"Solidity,Ethereum,Web3.js,Smart Contracts,Node.js",Develop smart contracts for blockchain applications. Implement DeFi protocols and NFT platforms. Audit and optimize contract gas costs.,Hyderabad,12-18 LPA
119,Communication Protocol Engineer,Hardware,Firmware Engineer,Mid,"Ethernet,TCP/IP,MQTT,Modbus,Embedded C",Implement communication protocols for industrial devices. Debug network connectivity issues. Optimize throughput and latency.,Bangalore,9-15 LPA
120,Site Automation Engineer,Software,DevOps,Senior,"Python,Selenium,Bash,Linux,Monitoring",Automate operational tasks and runbooks. Develop self-healing scripts for common failures. Monitor and alert on system health.,Noida,9-15 LPA
121,Semiconductor Process Engineer,Hardware,VLSI,Senior,"Process Technology,Yield Analysis,Failure Analysis,Statistics,Cleanroom",Optimize semiconductor fabrication processes. Analyze yield data and defect patterns. Collaborate with design team for DFM.,Pune,11-17 LPA
122,Flask Developer,Software,Backend,Entry,"Python,Flask,SQLAlchemy,PostgreSQL,REST",Build lightweight web applications using Flask. Implement blueprints and extensions. Create API endpoints and templates.,Bangalore,4-6 LPA
123,Gyroscope Integration Engineer,Hardware,Embedded Systems,Senior,"Gyroscope,IMU,Sensor Fusion,I2C,Embedded C",Integrate gyroscopes for motion tracking applications. Implement orientation estimation algorithms. Calibrate and compensate for drift.,Chennai,8-14 LPA
124,AWS Solutions Architect,Software,DevOps,Senior,"AWS,CloudFormation,Lambda,RDS,Networking",Design cloud architecture for enterprise workloads. Implement high availability and disaster recovery. Optimize costs and performance.,Hyderabad,14-20 LPA
125,Inductor Design Engineer,Hardware,PCB Design,Entry,"Magnetics,Inductor Design,Core Selection,FEA,Testing",Design custom inductors for power converters. Select core materials and winding configurations. Measure inductance and saturation.,Bangalore,4-6 LPA
126,Phoenix Developer,Software,Backend,Entry,"Elixir,Phoenix,PostgreSQL,Ecto,WebSockets",Build real-time web applications with Phoenix framework. Implement channels for live updates. Leverage Elixir concurrency model.,Noida,6-12 LPA
127,DFM Engineer,Hardware,VLSI,Senior,"DFM,OPC,CMP,Litho,Resolution Enhancement",Improve manufacturing yield through design rules. Implement optical proximity correction. Analyze lithography and CMP effects.,Pune,10-16 LPA
128,Hadoop Developer,Software,Data Engineer,Mid,"Hadoop,MapReduce,Hive,Java,HDFS",Develop MapReduce jobs for big data processing. Optimize Hive queries and partitioning strategies. Manage HDFS storage and replication.,Bangalore,10-16 LPA
129,Proximity Sensor Engineer,Hardware,Embedded Systems,Senior,"Proximity Sensors,Capacitive,IR,Time-of-Flight,C",Develop firmware for proximity detection systems. Implement calibration and noise filtering. Test sensor performance in various conditions.,Chennai,8-14 LPA
130,Release Manager,Software,DevOps,Entry,"Git,JIRA,Release Management,CI/CD,Documentation",Manage software release cycles and versioning. Coordinate deployment schedules with teams. Maintain release notes and documentation.,Hyderabad,4-6 LPA
131,Filter Design Engineer,Hardware,PCB Design,Entry,"Active Filters,Passive Filters,Op-Amp,Simulation,Testing",Design analog filters for signal conditioning. Implement low-pass and band-pass topologies. Validate filter frequency response.,Bangalore,4-6 LPA
132,Quarkus Developer,Software,Backend,Entry,"Java,Quarkus,GraalVM,Kubernetes,PostgreSQL",Build cloud-native microservices with Quarkus. Optimize startup time and memory footprint. Deploy native executables to containers.,Noida,4-6 LPA
133,Static Timing Analysis Engineer,Hardware,VLSI,Entry,"PrimeTime,Timing Constraints,Setup,Hold,Timing Closure",Perform static timing analysis for digital designs. Create timing constraints and SDC files. Debug timing violations and closure.,Pune,6-12 LPA
134,Data Warehouse Developer,Software,Data Engineer,Senior,"SQL,Teradata,Data Modeling,ETL,Performance Tuning",Design star and snowflake schemas for warehouses. Optimize SQL queries for performance. Implement incremental load strategies.,Bangalore,11-17 LPA
135,Voltage Regulator Design Engineer,Hardware,Electrical Systems,Senior,"LDO,Buck Regulator,Load Transient,PSRR,Compensation",Design linear and switching voltage regulators. Optimize load transient response and stability. Measure PSRR and dropout voltage.,Chennai,9-15 LPA
136,Struts Developer,Software,Backend,Senior,"Java,Struts,JSP,Hibernate,MySQL",Maintain legacy web applications built with Struts. Implement MVC patterns and action mappings. Integrate with ORM frameworks.,Hyderabad,7-12 LPA
137,ESD Protection Engineer,Hardware,VLSI,Mid,"ESD Protection,Latchup,HBM,CDM,Layout",Design ESD protection circuits for ICs. Analyze latchup and ESD failure modes. Verify protection coverage for all pins.,Bangalore,9-15 LPA
138,Streaming Analytics Engineer,Software,Data Engineer,Entry,"Kafka Streams,Flink,Real-time Analytics,Python,SQL",Build real-time analytics pipelines. Implement windowing and aggregations. Monitor stream processing latency.,Noida,4-6 LPA
139,Environmental Test Engineer,Hardware,Electrical Systems,Entry,"Environmental Testing,Thermal Cycling,Vibration,Humidity,Standards",Conduct environmental qualification testing. Perform temperature and vibration stress tests. Document test procedures and results.,Pune,4-6 LPA
140,Ktor Developer,Software,Backend,Senior,"Kotlin,Ktor,PostgreSQL,Coroutines,REST",Build asynchronous server applications with Ktor. Implement routing and content negotiation. Leverage Kotlin coroutines for concurrency.,Bangalore,9-15 LPA
141,Noise Analysis Engineer,Hardware,PCB Design,Mid,"Noise Analysis,Grounding,Shielding,EMI,Measurements",Analyze and mitigate noise in analog circuits. Design grounding and shielding strategies. Validate noise performance through testing.,Chennai,9-15 LPA
142,Redshift Developer,Software,Data Engineer,Senior,"AWS Redshift,SQL,Data Modeling,Performance Tuning,ETL",Develop data warehouse solutions on Redshift. Optimize table distribution and sort keys. Implement workload management.,Hyderabad,11-17 LPA
143,Current Sense Amplifier Engineer,Hardware,PCB Design,Senior,"Current Sensing,Amplifiers,Shunt Resistors,Precision,Calibration",Design current sensing circuits for power monitoring. Select sense resistors and amplifiers. Implement offset compensation techniques.,Bangalore,8-14 LPA
144,SysOps Engineer,Software,DevOps,Senior,"Linux,AWS,Monitoring,Scripting,Networking",Manage and maintain production Linux systems. Implement backup and recovery procedures. Monitor system performance and capacity.,Noida,9-15 LPA
145,Gate Driver Design Engineer,Hardware,Electrical Systems,Senior,"Gate Drivers,MOSFET,IGBT,Bootstrap,Deadtime",Design gate driver circuits for power switches. Implement deadtime control and protection. Test switching characteristics and losses.,Pune,9-15 LPA
146,CakePHP Developer,Software,Backend,Entry,"PHP,CakePHP,MySQL,MVC,REST",Develop web applications using CakePHP framework. Implement ORM and database migrations. Create RESTful API endpoints.,Bangalore,4-6 LPA
147,Low Power Design Engineer,Hardware,VLSI,Entry,"Low Power Design,Power Gating,DVFS,UPF,Analysis",Implement low power design techniques for SoCs. Create unified power format specifications. Analyze power consumption across modes.,Chennai,4-6 LPA
148,Cassandra Developer,Software,Data Engineer,Senior,"Cassandra,CQL,Data Modeling,Java,Replication",Design distributed NoSQL database schemas. Implement data modeling for Cassandra. Tune consistency and replication factors.,Hyderabad,10-16 LPA
149,Voltage Reference Design Engineer,Hardware,PCB Design,Mid,"Bandgap Reference,Precision,Temperature Coefficient,Analog,Testing",Design precision voltage references for ADCs. Minimize temperature drift and noise. Characterize reference performance.,Bangalore,9-15 LPA
150,Data Analyst,Software,Data Engineer,Entry,"Python,AWS,SQL,Power BI,Statistics","Analyze business data using SQL and Python to generate insights, create interactive dashboards in Power BI, and deliver actionable recommendations to stakeholders.",Chennai,4-6 LPA
151,Firmware Engineer,Hardware,Firmware Engineer,Entry,"C,C++,Embedded Linux,Bootloaders,Device Drivers",Develop firmware for automotive embedded systems. Write device drivers for custom hardware peripherals. Debug and troubleshoot hardware-software integration issues.,Bangalore,4-6 LPA
152,Angular Developer,Software,Frontend,Senior,"Angular,TypeScript,RxJS,NgRx,SCSS",Build enterprise applications using Angular framework. Implement reactive programming patterns. Create reusable components and services.,Chennai,7-12 LPA
153,Communication Protocol Engineer,Hardware,Firmware Engineer,Mid,"Ethernet,TCP/IP,MQTT,Modbus,Embedded C",Implement communication protocols for industrial devices. Debug network connectivity issues. Optimize throughput and latency.,Bangalore,9-15 LPA
154,Azure DevOps Engineer,Software,DevOps,Mid,"Azure,Azure DevOps,PowerShell,ARM Templates,Kubernetes",Manage Azure cloud infrastructure and pipelines. Implement CI/CD using Azure DevOps. Automate resource provisioning.,Hyderabad,11-17 LPA
155,Data Pipeline Developer,Software,Data Engineer,Mid,"Python,Luigi,MySQL,AWS S3,Pandas",Develop data ingestion and transformation pipelines. Schedule and monitor pipeline executions. Handle data quality and error handling.,Noida,9-15 LPA
156,Charging System Engineer,Hardware,Electrical Systems,Senior,"Battery Charging,Power Converters,Standards,Embedded C,Testing",Design charging systems for electric vehicles. Implement charging protocols and safety features. Test compatibility with charging standards.,Bangalore,10-16 LPA
157,API Developer,Software,Backend,Mid,"Python,FastAPI,Swagger,PostgreSQL,JWT",Design and implement RESTful API services. Document APIs using Swagger/OpenAPI. Implement security and rate limiting.,Hyderabad,8-14 LPA
158,Gyroscope Integration Engineer,Hardware,Embedded Systems,Senior,"Gyroscope,IMU,Sensor Fusion,I2C,Embedded C",Integrate gyroscopes for motion tracking applications. Implement orientation estimation algorithms. Calibrate and compensate for drift.,Chennai,8-14 LPA
159,Flutter Developer,Software,Frontend,Entry,"Flutter,Dart,Firebase,REST API,Provider",Develop cross-platform mobile apps using Flutter framework. Implement beautiful UI designs and animations. Integrate backend services and local storage.,Pune,4-6 LPA
160,Hardware Test Engineer,Hardware,PCB Design,Mid,"Oscilloscope,Multimeter,Python,LabVIEW,Test Automation",Design and execute hardware validation test plans. Develop automated test scripts and fixtures. Document test results and failure analysis.,Noida,6-11 LPA
161,Touch Controller Engineer,Hardware,Firmware Engineer,Mid,"Capacitive Touch,I2C,Signal Processing,C,Tuning",Develop firmware for touch controller ICs. Implement noise filtering and gesture recognition. Tune sensitivity for different applications.,Pune,8-14 LPA
162,Impedance Matching Engineer,Hardware,PCB Design,Entry,"RF Design,Smith Chart,Matching Networks,ADS,Testing",Design impedance matching circuits for RF systems. Optimize power transfer and minimize reflections. Validate matching network performance.,Bangalore,4-6 LPA
163,Test Automation Engineer,Hardware,PCB Design,Entry,"Python,LabVIEW,GPIB,Automated Testing,Scripting",Develop automated test frameworks for hardware. Create test scripts and data analysis tools. Maintain test equipment and fixtures.,Bangalore,6-12 LPA
164,Impedance Matching Engineer,Hardware,PCB Design,Entry,"RF Design,Smith Chart,Matching Networks,ADS,Testing",Design impedance matching circuits for RF systems. Optimize power transfer and minimize reflections. Validate matching network performance.,Bangalore,4-6 LPA
165,Wireless Systems Engineer,Hardware,Embedded Systems,Mid,"WiFi,Bluetooth,Zigbee,RF Testing,C",Design wireless communication modules for IoT devices. Implement protocol stacks and drivers. Test wireless performance and range.,Chennai,9-15 LPA
166,USB Protocol Engineer,Hardware,Firmware Engineer,Entry,"USB,USB-C,PD,Type-C,Embedded C",Develop USB device and host controllers. Implement USB power delivery protocols. Debug enumeration and data transfer issues.,Chennai,4-6 LPA
167,ESD Protection Engineer,Hardware,VLSI,Mid,"ESD Protection,Latchup,HBM,CDM,Layout",Design ESD protection circuits for ICs. Analyze latchup and ESD failure modes. Verify protection coverage for all pins.,Bangalore,9-15 LPA
168,WordPress Developer,Software,Backend,Entry,"PHP,WordPress,MySQL,JavaScript,CSS",Develop custom WordPress themes and plugins. Optimize website performance and security. Integrate third-party APIs and payment gateways.,Hyderabad,4-6 LPA
169,Senior React Developer,Software,Frontend,Senior,"React,TypeScript,Next.js,GraphQL,Tailwind CSS",Lead frontend development for enterprise applications. Implement complex UI components and state management. Optimize performance and code splitting.,Chennai,10-16 LPA
170,Flask Developer,Software,Backend,Entry,"Python,Flask,SQLAlchemy,PostgreSQL,REST",Build lightweight web applications using Flask. Implement blueprints and extensions. Create API endpoints and templates.,Bangalore,4-6 LPA
171,Senior Backend Developer,Software,Backend,Mid,"Java,Microservices,Cassandra,Kafka,Spring Cloud",Architect distributed systems for high-traffic applications. Design event-driven architectures. Implement circuit breakers and resilience patterns.,Noida,13-19 LPA
172,Senior DevOps Engineer,Software,DevOps,Entry,"Azure,Kubernetes,Ansible,Python,GitLab CI",Architect cloud infrastructure for enterprise applications. Implement infrastructure as code and monitoring solutions. Lead DevOps transformation initiatives.,Bangalore,4-6 LPA
173,Struts Developer,Software,Backend,Senior,"Java,Struts,JSP,Hibernate,MySQL",Maintain legacy web applications built with Struts. Implement MVC patterns and action mappings. Integrate with ORM frameworks.,Hyderabad,7-12 LPA
174,Impedance Matching Engineer,Hardware,PCB Design,Entry,"RF Design,Smith Chart,Matching Networks,ADS,Testing",Design impedance matching circuits for RF systems. Optimize power transfer and minimize reflections. Validate matching network performance.,Bangalore,6-12 LPA
175,RF Hardware Engineer,Hardware,Embedded Systems,Mid,"RF Design,Antenna Design,ADS,Network Analyzer,PCB",Design radio frequency circuits for communication devices. Perform impedance matching and antenna tuning. Test RF performance and EMC compliance.,Bangalore,10-16 LPA
176,Backend Developer - Node.js,Software,Backend,Senior,"Node.js,Express,PostgreSQL,Redis,GraphQL",Build scalable APIs for mobile and web applications. Implement caching strategies and rate limiting. Write comprehensive unit and integration tests.,Noida,8-14 LPA
177,Redshift Developer,Software,Data Engineer,Senior,"AWS Redshift,SQL,Data Modeling,Performance Tuning,ETL",Develop data warehouse solutions on Redshift. Optimize table distribution and sort keys. Implement workload management.,Hyderabad,11-17 LPA
178,Touch Controller Engineer,Hardware,Firmware Engineer,Mid,"Capacitive Touch,I2C,Signal Processing,C,Tuning",Develop firmware for touch controller ICs. Implement noise filtering and gesture recognition. Tune sensitivity for different applications.,Pune,8-14 LPA
179,MongoDB Developer,Software,Backend,Entry,"MongoDB,Node.js,Express,Mongoose,REST",Design NoSQL database schemas for applications. Implement aggregation pipelines and indexing. Optimize query performance.,Bangalore,4-6 LPA
180,Gate Driver Design Engineer,Hardware,Electrical Systems,Senior,"Gate Drivers,MOSFET,IGBT,Bootstrap,Deadtime",Design gate driver circuits for power switches. Implement deadtime control and protection. Test switching characteristics and losses.,Pune,9-15 LPA
181,CakePHP Developer,Software,Backend,Entry,"PHP,CakePHP,MySQL,MVC,REST",Develop web applications using CakePHP framework. Implement ORM and database migrations. Create RESTful API endpoints.,Bangalore,6-12 LPA
182,Golang Developer,Software,Backend,Senior,"Go,PostgreSQL,gRPC,Docker,Microservices",Build concurrent backend services in Go. Implement efficient data structures and algorithms. Deploy containerized applications.,Noida,10-16 LPA
183,Impedance Matching Engineer,Hardware,PCB Design,Entry,"RF Design,Smith Chart,Matching Networks,ADS,Testing",Design impedance matching circuits for RF systems. Optimize power transfer and minimize reflections. Validate matching network performance.,Bangalore,4-6 LPA
184,ETL Developer,Software,Data Engineer,Mid,"SQL,SSIS,Python,Oracle,Data Warehousing",Design and develop ETL processes for data integration. Transform and load data from multiple sources. Monitor and troubleshoot data pipeline failures.,Hyderabad,8-14 LPA
185,Stream Processing Engineer,Software,Data Engineer,Mid,"Kafka,Flink,Scala,Event Streaming,Microservices",Build real-time data processing pipelines. Implement stream processing applications. Ensure exactly-once processing guarantees.,Noida,12-18 LPA
186,Hadoop Developer,Software,Data Engineer,Mid,"Hadoop,MapReduce,Hive,Java,HDFS",Develop MapReduce jobs for big data processing. Optimize Hive queries and partitioning strategies. Manage HDFS storage and replication.,Bangalore,10-16 LPA
187,FPGA Design Engineer,Hardware,VLSI,Senior,"VHDL,Xilinx,Vivado,Timing Constraints,FPGA",Develop FPGA-based solutions for signal processing. Implement high-speed digital designs and IP cores. Perform simulation and hardware validation.,Chennai,10-16 LPA
188,Golang Developer,Software,Backend,Senior,"Go,PostgreSQL,gRPC,Docker,Microservices",Build concurrent backend services in Go. Implement efficient data structures and algorithms. Deploy containerized applications.,Noida,10-16 LPA
189,Mixed Signal Design Engineer,Hardware,VLSI,Senior,"Analog Design,Digital Design,Cadence,Layout,Characterization",Design mixed-signal ICs for sensor interfaces. Perform transistor-level circuit design. Collaborate with layout team for analog blocks.,Hyderabad,11-17 LPA
190,Gate Driver Design Engineer,Hardware,Electrical Systems,Senior,"Gate Drivers,MOSFET,IGBT,Bootstrap,Deadtime",Design gate driver circuits for power switches. Implement deadtime control and protection. Test switching characteristics and losses.,Pune,9-15 LPA
191,Express.js Developer,Software,Backend,Mid,"Node.js,Express,MongoDB,JWT,REST",Build RESTful APIs using Express framework. Implement middleware and error handling. Integrate authentication and session management.,Bangalore,7-13 LPA
192,Vue.js Full Stack Developer,Software,Full Stack,Entry,"Vue.js,Node.js,MySQL,Express,AWS",Develop full-stack applications using Vue ecosystem. Implement server-side rendering and routing. Deploy to cloud platforms.,Hyderabad,4-6 LPA
193,Struts Developer,Software,Backend,Senior,"Java,Struts,JSP,Hibernate,MySQL",Maintain legacy web applications built with Struts. Implement MVC patterns and action mappings. Integrate with ORM frameworks.,Hyderabad,7-12 LPA
194,Data Engineer,Software,Data Engineer,Entry,"Python,Spark,Hadoop,SQL,Airflow",Build and maintain data pipelines for analytics platform. Process large-scale datasets and optimize ETL workflows. Ensure data quality and implement data governance policies.,Bangalore,4-6 LPA
195,DFT Engineer,Hardware,VLSI,Mid,"Scan Insertion,ATPG,Boundary Scan,Tetramax,MBIST",Implement design-for-test structures in ASIC designs. Generate test patterns and analyze coverage. Debug scan chain failures and timing issues.,Bangalore,9-15 LPA
196,React Full Stack Developer,Software,Full Stack,Mid,"React,Node.js,Express,MongoDB,GraphQL",Develop MERN stack applications for startups. Implement real-time features using WebSockets. Optimize application performance and SEO.,Hyderabad,8-14 LPA
197,Frontend Developer,Software,Frontend,Entry,"React,JavaScript,HTML,CSS,Redux",Build responsive and intuitive user interfaces for web applications. Implement pixel-perfect designs and ensure cross-browser compatibility. Work closely with UX designers to enhance user experience.,Hyderabad,4-6 LPA
198,Cloud Backend Developer,Software,Backend,Mid,"Python,FastAPI,AWS Lambda,DynamoDB,S3",Build serverless applications on AWS cloud platform. Design event-driven architectures and API gateways. Implement security best practices and cost optimization.,Hyderabad,11-17 LPA
199,Kubernetes Engineer,Software,DevOps,Mid,"Kubernetes,Helm,Docker,Linux,Networking",Manage and optimize Kubernetes clusters for production workloads. Implement service mesh and ingress controllers. Troubleshoot cluster issues and performance.,Bangalore,11-17 LPA
200,Hardware Test Engineer,Hardware,PCB Design,Mid,"Oscilloscope,Multimeter,Python,LabVIEW,Test Automation",Design and execute hardware validation test plans. Develop automated test scripts and fixtures. Document test results and failure analysis.,Noida,6-11 LPA
201,Touch Controller Engineer,Hardware,Firmware Engineer,Mid,"Capacitive Touch,I2C,Signal Processing,C,Tuning",Develop firmware for touch controller ICs. Implement noise filtering and gesture recognition. Tune sensitivity for different applications.,Pune,8-14 LPA
202,Flutter Developer,Software,Frontend,Entry,"Flutter,Dart,Firebase,REST API,Provider",Develop cross-platform mobile apps using Flutter framework. Implement beautiful UI designs and animations. Integrate backend services and local storage.,Pune,4-6 LPA
203,Senior Data Engineer,Software,Data Engineer,Entry,"Python,AWS Glue,Redshift,dbt,SQL",Design data warehousing solutions on AWS platform. Implement data modeling and transformation logic. Optimize query performance for analytics workloads.,Bangalore,4-6 LPA
204,ASIC Verification Engineer,Hardware,VLSI,Mid,"SystemVerilog,UVM,Python,Cadence,Coverage",Verify SoC designs for semiconductor products. Create verification plans and regression frameworks. Analyze coverage and close verification gaps.,Hyderabad,11-17 LPA
205,ASIC Verification Engineer,Hardware,VLSI,Mid,"SystemVerilog,UVM,Python,Cadence,Coverage",Verify SoC designs for semiconductor products. Create verification plans and regression frameworks. Analyze coverage and close verification gaps.,Hyderabad,11-17 LPA
206,Clock Gating Implementation Engineer,Hardware,VLSI,Entry,"Clock Gating,Low Power,Liberty,Innovus,Timing",Implement clock gating for power reduction. Analyze switching activity and insertion points. Verify timing after clock gating.,Pune,4-6 LPA
207,Display Driver Engineer,Hardware,Firmware Engineer,Entry,"MIPI DSI,HDMI,Display Controllers,C,Embedded Linux",Develop display drivers for embedded systems. Interface with LCD and OLED panels. Debug display timing and color issues.,Bangalore,4-6 LPA
208,Electrical Systems Engineer,Hardware,Electrical Systems,Entry,"MATLAB,Simulink,Power Electronics,Control Systems,AutoCAD",Design electrical systems for industrial automation projects. Perform load calculations and circuit analysis. Create technical documentation and support field installations.,Pune,6-12 LPA
209,FPGA Design Engineer,Hardware,VLSI,Senior,"VHDL,Xilinx,Vivado,Timing Constraints,FPGA",Develop FPGA-based solutions for signal processing. Implement high-speed digital designs and IP cores. Perform simulation and hardware validation.,Chennai,10-16 LPA
210,Accelerometer Integration Engineer,Hardware,Embedded Systems,Entry,"MEMS,Accelerometer,I2C,SPI,Embedded C",Integrate MEMS accelerometers in wearable devices. Calibrate sensors and process motion data. Implement fall detection algorithms.,Chennai,4-6 LPA
211,Sensor Integration Engineer,Hardware,Embedded Systems,Entry,"IMU,GPS,Sensor Fusion,Kalman Filter,C++",Integrate sensors for navigation and positioning systems. Implement sensor fusion algorithms. Calibrate and validate sensor accuracy.,Pune,4-6 LPA
212,SysOps Engineer,Software,DevOps,Senior,"Linux,AWS,Monitoring,Scripting,Networking",Manage and maintain production Linux systems. Implement backup and recovery procedures. Monitor system performance and capacity.,Noida,9-15 LPA
213,Senior Data Engineer,Software,Data Engineer,Entry,"Python,AWS Glue,Redshift,dbt,SQL",Design data warehousing solutions on AWS platform. Implement data modeling and transformation logic. Optimize query performance for analytics workloads.,Bangalore,4-6 LPA
214,ETL Developer,Software,Data Engineer,Mid,"SQL,SSIS,Python,Oracle,Data Warehousing",Design and develop ETL processes for data integration. Transform and load data from multiple sources. Monitor and troubleshoot data pipeline failures.,Hyderabad,8-14 LPA
215,Electronic Packaging Engineer,Hardware,PCB Design,Mid,"Package Design,Thermal,Stress Analysis,JEDEC,Reliability",Design IC packages and module assemblies. Perform thermal and mechanical simulations. Validate package reliability.,Bangalore,9-15 LPA
216,Signal Processing Engineer,Hardware,Embedded Systems,Senior,"DSP,MATLAB,C,ARM,Algorithms",Implement digital signal processing algorithms on embedded platforms. Optimize real-time audio and video processing. Perform algorithm validation and benchmarking.,Bangalore,9-15 LPA
217,Infrastructure Automation Engineer,Software,DevOps,Senior,"Ansible,Python,Linux,AWS,CI/CD",Automate infrastructure provisioning and configuration management. Develop Ansible playbooks and roles. Implement infrastructure testing frameworks.,Noida,10-16 LPA
218,VLSI Design Engineer,Hardware,VLSI,Mid,"Verilog,SystemVerilog,Cadence,Synthesis,Timing Analysis",Design and verify digital circuits for ASIC development. Perform RTL coding and functional verification. Collaborate with physical design team for timing closure.,Hyderabad,9-15 LPA
219,Senior DevOps Engineer,Software,DevOps,Entry,"Azure,Kubernetes,Ansible,Python,GitLab CI",Architect cloud infrastructure for enterprise applications. Implement infrastructure as code and monitoring solutions. Lead DevOps transformation initiatives.,Bangalore,4-6 LPA
220,Schematic Design Engineer,Hardware,PCB Design,Entry,"OrCAD,Component Selection,Design Rules,Simulation,Documentation",Create detailed schematics for electronic products. Select components and verify design rules. Collaborate with layout and firmware teams.,Bangalore,4-6 LPA
221,Laravel Developer,Software,Backend,Senior,"PHP,Laravel,MySQL,Redis,REST API",Develop web applications using Laravel framework. Implement MVC architecture and migrations. Create RESTful APIs and authentication.,Bangalore,7-13 LPA
222,TypeScript Backend Developer,Software,Backend,Entry,"TypeScript,Node.js,NestJS,PostgreSQL,Docker",Develop strongly-typed backend services. Implement dependency injection and modules. Write comprehensive unit tests.,Bangalore,4-6 LPA
223,Microservices Developer,Software,Backend,Mid,"Java,Spring Cloud,Kafka,Docker,MySQL",Design and develop microservices architecture. Implement service discovery and config management. Handle distributed transactions.,Hyderabad,10-16 LPA
224,Mobile Backend Developer,Software,Backend,Senior,"Node.js,MongoDB,Socket.io,AWS,Redis",Build backend services for mobile applications. Implement real-time communication features. Design scalable database schemas.,Bangalore,9-15 LPA
225,Blockchain Developer,Software,Backend,Mid,"Solidity,Ethereum,Web3.js,Smart Contracts,Node.js",Develop smart contracts for blockchain applications. Implement DeFi protocols and NFT platforms. Audit and optimize contract gas costs.,Hyderabad,12-18 LPA
226,Hardware Test Engineer,Hardware,PCB Design,Mid,"Oscilloscope,Multimeter,Python,LabVIEW,Test Automation",Design and execute hardware validation test plans. Develop automated test scripts and fixtures. Document test results and failure analysis.,Noida,6-11 LPA
227,Full Stack Developer,Software,Full Stack,Senior,"Node.js,React,MongoDB,Express,JavaScript",Develop end-to-end web applications with modern technology stack. Implement RESTful APIs and integrate third-party services. Maintain code quality through testing and code reviews.,Noida,8-14 LPA
228,Hadoop Developer,Software,Data Engineer,Mid,"Hadoop,MapReduce,Hive,Java,HDFS",Develop MapReduce jobs for big data processing. Optimize Hive queries and partitioning strategies. Manage HDFS storage and replication.,Bangalore,10-16 LPA
229,Battery Management System Engineer,Hardware,Embedded Systems,Senior,"BMS,CAN Protocol,C,Lithium-ion,State Estimation",Design battery management systems for energy storage. Implement SOC and SOH estimation algorithms. Test and validate BMS functionality.,Pune,9-15 LPA
230,Analog Circuit Designer,Hardware,PCB Design,Senior,"SPICE,Cadence,Analog Layout,LDO,ADC",Design analog and mixed-signal circuits for sensing applications. Perform circuit simulations and prototype testing. Optimize power consumption and noise performance.,Hyderabad,10-16 LPA
231,Embedded Systems Engineer,Hardware,Embedded Systems,Entry,"C,ARM Cortex,RTOS,I2C,SPI",Develop firmware for IoT devices and embedded controllers. Interface with various sensors and actuators. Debug and optimize low-level system performance for resource-constrained environments.,Bangalore,4-6 LPA
232,Microservices Developer,Software,Backend,Mid,"Java,Spring Cloud,Kafka,Docker,MySQL",Design and develop microservices architecture. Implement service discovery and config management. Handle distributed transactions.,Hyderabad,10-16 LPA
233,Machine Learning Engineer,Software,Data Engineer,Senior,"Python,TensorFlow,Scikit-learn,Pandas,NumPy",Develop ML models for predictive analytics applications. Implement feature engineering and model optimization. Deploy models to production environments.,Bangalore,13-19 LPA
234,Spring Boot Developer,Software,Backend,Mid,"Java,Spring Boot,MySQL,Hibernate,REST",Develop microservices using Spring Boot framework. Implement JPA repositories and service layers. Configure security and logging.,Hyderabad,8-14 LPA
235,Senior React Developer,Software,Frontend,Senior,"React,TypeScript,Next.js,GraphQL,Tailwind CSS",Lead frontend development for enterprise applications. Implement complex UI components and state management. Optimize performance and code splitting.,Chennai,10-16 LPA
236,Full Stack Python Developer,Software,Full Stack,Senior,"Python,Django,React,PostgreSQL,AWS",Develop web platforms with Python and JavaScript. Implement user authentication and authorization. Deploy applications to cloud infrastructure.,Bangalore,10-16 LPA
237,Ktor Developer,Software,Backend,Senior,"Kotlin,Ktor,PostgreSQL,Coroutines,REST",Build asynchronous server applications with Ktor. Implement routing and content negotiation. Leverage Kotlin coroutines for concurrency.,Bangalore,9-15 LPA
238,Flutter Developer,Software,Frontend,Entry,"Flutter,Dart,Firebase,REST API,Provider",Develop cross-platform mobile apps using Flutter framework. Implement beautiful UI designs and animations. Integrate backend services and local storage.,Pune,4-6 LPA
239,Backend Engineer - Go,Software,Backend,Mid,"Go,gRPC,PostgreSQL,Kubernetes,Redis",Develop high-performance microservices in Go language. Implement concurrent programming patterns. Optimize API response times and throughput.,Noida,10-16 LPA
240,Sensor Integration Engineer,Hardware,Embedded Systems,Entry,"IMU,GPS,Sensor Fusion,Kalman Filter,C++",Integrate sensors for navigation and positioning systems. Implement sensor fusion algorithms. Calibrate and validate sensor accuracy.,Pune,4-6 LPA
241,Data Platform Engineer,Software,Data Engineer,Senior,"Python,Databricks,Delta Lake,Apache Spark,SQL",Build data lakehouse architecture for analytics. Implement data versioning and lineage tracking. Optimize cluster configurations and costs.,Bangalore,12-18 LPA
242,Low Power Design Engineer,Hardware,VLSI,Entry,"Low Power Design,Power Gating,DVFS,UPF,Analysis",Implement low power design techniques for SoCs. Create unified power format specifications. Analyze power consumption across modes.,Chennai,6-12 LPA
243,Express.js Developer,Software,Backend,Mid,"Node.js,Express,MongoDB,JWT,REST",Build RESTful APIs using Express framework. Implement middleware and error handling. Integrate authentication and session management.,Bangalore,7-13 LPA
244,Backend Engineer - Go,Software,Backend,Mid,"Go,gRPC,PostgreSQL,Kubernetes,Redis",Develop high-performance microservices in Go language. Implement concurrent programming patterns. Optimize API response times and throughput.,Noida,10-16 LPA
245,Angular Developer,Software,Frontend,Senior,"Angular,TypeScript,RxJS,NgRx,SCSS",Build enterprise applications using Angular framework. Implement reactive programming patterns. Create reusable components and services.,Chennai,7-12 LPA
246,Embedded Linux Developer,Hardware,Firmware Engineer,Entry,"Linux Kernel,Yocto,U-Boot,Device Tree,Bash",Port and customize embedded Linux distributions. Develop kernel modules and device drivers. Optimize boot time and system performance.,Chennai,4-6 LPA
247,Thermal Design Engineer,Hardware,Electrical Systems,Mid,"Thermal Analysis,CFD,Heat Sinks,ANSYS,Testing",Perform thermal analysis for electronic systems. Design cooling solutions and heat sinks. Validate thermal performance through testing.,Bangalore,9-15 LPA
248,Backend Engineer - Python,Software,Backend,Senior,"Python,Django,MySQL,Celery,Docker",Develop backend services for fintech applications. Implement secure payment processing workflows. Optimize database performance and handle high-traffic scenarios.,Bangalore,10-16 LPA
249,Ruby on Rails Developer,Software,Backend,Senior,"Ruby,Rails,PostgreSQL,Sidekiq,REST",Build web applications using Rails framework. Implement background job processing. Optimize database queries and caching.,Noida,8-14 LPA
250,Motor Control Engineer,Hardware,Electrical Systems,Entry,"FOC,BLDC,PMSM,Inverter Design,Embedded C",Design motor control algorithms for electric vehicles. Implement field-oriented control strategies. Test and calibrate motor controllers.,Bangalore,4-6 LPA
